location_id,metric,month,p10,p50,p90
L01,net_sales,2026-09-01,547082.0132971731,562226.7378585357,579637.1984228971
L01,net_sales,2026-10-01,647257.2414190535,666332.4415925883,684266.2460890452
L01,net_sales,2026-11-01,680895.9477442909,699249.2892716054,719539.3099979297
L01,net_sales,2026-12-01,756327.1703694112,777912.7868585871,801183.8631385693
L01,net_sales,2027-01-01,863688.8210887976,887846.8152288847,913375.6820246466
L01,net_sales,2027-02-01,816367.5625225317,841897.49026788,864747.899032669
L01,net_sales,2027-03-01,897258.9550962324,922255.8653217356,949798.1980643868
L01,net_sales,2027-04-01,812842.3659101086,837127.534777944,864032.955068421
L01,net_sales,2027-05-01,738166.3383876852,759325.4202562522,781030.5337363918
L01,net_sales,2027-06-01,645152.38259236,663342.4177690704,681751.4965183147
L01,net_sales,2027-07-01,653296.7881117192,672882.9424692949,690425.5628975836
L01,net_sales,2027-08-01,593731.691929726,609145.6350868582,627859.655782249
L02,net_sales,2026-09-01,437459.34676021885,451666.7566683488,465172.8911532609
L02,net_sales,2026-10-01,525552.9447889295,542574.2370278075,558566.8154898309
L02,net_sales,2026-11-01,549961.8459083155,567382.0303563939,584442.9534021501
L02,net_sales,2026-12-01,612708.502643066,630515.181985982,649936.0330830113
L02,net_sales,2027-01-01,692798.1164488043,713881.5727420808,735785.8181711175
L02,net_sales,2027-02-01,667259.2164194409,689034.2712131473,707612.3492520716
L02,net_sales,2027-03-01,725992.8124145764,749246.962297943,772689.1681639988
L02,net_sales,2027-04-01,655030.746328278,676432.6677070064,695767.9493430111
L02,net_sales,2027-05-01,589320.7259326129,606022.9112015446,623164.8601160661
L02,net_sales,2027-06-01,510680.466194233,526908.4215683888,541014.2992737005
L02,net_sales,2027-07-01,520171.7233088474,536893.2533852204,552923.642793149
L02,net_sales,2027-08-01,472048.1202327901,487012.5579039777,500800.3578286099
L03,net_sales,2026-09-01,423682.57280335814,436164.7067412882,449509.66941425443
L03,net_sales,2026-10-01,536240.8231710559,551164.2741097669,565885.3192056826
L03,net_sales,2026-11-01,591350.3315565496,608787.2904495622,625757.4199878164
L03,net_sales,2026-12-01,667694.2673420538,687371.7881566351,707546.1887621142
L03,net_sales,2027-01-01,772823.9876589325,794937.248323977,817723.2827131806
L03,net_sales,2027-02-01,773528.7313359993,797608.5031472713,824003.6318711316
L03,net_sales,2027-03-01,881886.6952609167,906514.3246271296,931172.4718427688
L03,net_sales,2027-04-01,765262.9231227926,786708.6779488646,809196.3587163907
L03,net_sales,2027-05-01,635925.047187447,655912.1597562884,674498.5819066392
L03,net_sales,2027-06-01,531097.113326703,547387.5899651258,563451.6342141012
L03,net_sales,2027-07-01,529693.3326723453,545190.389549081,560921.7378630938
L03,net_sales,2027-08-01,468059.1520747415,481382.8405297209,495410.6329492442
L04,net_sales,2026-09-01,337205.410605942,347332.0800123079,358675.7630341311
L04,net_sales,2026-10-01,403649.30905121245,417372.79253593367,429896.3621734951
L04,net_sales,2026-11-01,416023.6355278218,430405.9898643816,444447.5756640503
L04,net_sales,2026-12-01,457756.790734215,471913.8119932193,486596.6873101519
L04,net_sales,2027-01-01,529286.2626368421,546608.0166585332,565160.5954623199
L04,net_sales,2027-02-01,519135.15303751547,536250.6383532119,552729.0617966603
L04,net_sales,2027-03-01,565597.8713870381,583647.5432568006,603342.5655061854
L04,net_sales,2027-04-01,498594.2132934383,514947.1968289415,530653.3072436479
L04,net_sales,2027-05-01,439552.8498712074,452698.0349488464,466482.08250187413
L04,net_sales,2027-06-01,384195.82699197985,396654.8738665411,409687.7867754757
L04,net_sales,2027-07-01,390134.8077953448,402419.1589547375,415344.88967951573
L04,net_sales,2027-08-01,353187.7989438698,364493.61947879207,375920.8243171638
L05,net_sales,2026-09-01,352792.8066375794,365202.4971970682,377804.2023056534
L05,net_sales,2026-10-01,422942.3172999778,437487.31950537086,452086.9707358817
L05,net_sales,2026-11-01,440040.54730474285,456125.7835280707,472703.5334039555
L05,net_sales,2026-12-01,493296.5772095867,509385.53049323446,526667.0135109327
L05,net_sales,2027-01-01,568020.3235261973,587283.4491151087,607243.8760904415
L05,net_sales,2027-02-01,550725.5628059036,570377.4166580726,590526.1752836328
L05,net_sales,2027-03-01,614371.7694312902,635026.6486061194,656892.6436268744
L05,net_sales,2027-04-01,562765.6906394155,580739.7286677933,602478.1663335828
L05,net_sales,2027-05-01,502143.1734083651,520264.65284063795,538128.5224238299
L05,net_sales,2027-06-01,425408.1908114034,439576.2941467231,454628.0753692669
L05,net_sales,2027-07-01,422622.1959298121,437119.37252820976,452148.0459110465
L05,net_sales,2027-08-01,385473.63602045976,398220.3232022057,411931.4864647337
L06,net_sales,2026-09-01,471907.5281964731,501939.2396999338,535133.4328025236
L06,net_sales,2026-10-01,574735.2491430397,607764.3922235491,641891.3234815545
L06,net_sales,2026-11-01,604707.9106148705,642648.7859913378,685392.2590015708
L06,net_sales,2026-12-01,667697.9763161828,708222.3550541102,751667.409642357
L06,net_sales,2027-01-01,776161.9507004293,824637.8913273367,869124.1441818655
L06,net_sales,2027-02-01,753216.3287070146,799985.1827561457,849208.740357559
L06,net_sales,2027-03-01,833900.8360214321,883639.2557742719,939514.5146573735
L06,net_sales,2027-04-01,744839.2492027555,790916.3892099503,836138.1772543464
L06,net_sales,2027-05-01,661988.3476999064,700884.6616103548,745101.3450907536
L06,net_sales,2027-06-01,565143.4579915056,600124.576146355,635277.3178581311
L06,net_sales,2027-07-01,576268.9599829796,608079.7064091,645033.1891353396
L06,net_sales,2027-08-01,517340.2372411284,546529.1275632734,581138.164697046
L01,covers,2026-09-01,10885.423184386955,11184.20590754543,11502.671393738898
L01,covers,2026-10-01,12900.343979448115,13279.1187504866,13597.07079967289
L01,covers,2026-11-01,13558.068707490196,13952.333742364353,14354.413680237847
L01,covers,2026-12-01,15090.81401020874,15507.736326425635,15920.889708545319
L01,covers,2027-01-01,17214.065927937743,17714.065651700763,18207.448372684416
L01,covers,2027-02-01,16376.615558257889,16839.945178436006,17294.44102125714
L01,covers,2027-03-01,17984.15107698009,18465.73259592853,18959.70036383458
L01,covers,2027-04-01,16316.375222414214,16764.293209160634,17220.079061271124
L01,covers,2027-05-01,14766.012851505831,15166.20480155603,15560.18717411531
L01,covers,2027-06-01,12828.84835890682,13190.531370744675,13573.84040831499
L01,covers,2027-07-01,13067.16434924433,13422.627279893115,13760.024294259501
L01,covers,2027-08-01,11840.961690029062,12157.173750592898,12517.488737248317
L02,covers,2026-09-01,8639.046479916504,8881.664543368697,9129.208168802043
L02,covers,2026-10-01,10373.067208030834,10680.019924561766,10986.821169571595
L02,covers,2026-11-01,10891.616785849797,11200.42705764888,11540.945130477834
L02,covers,2026-12-01,12065.339240717123,12414.611752845165,12771.240102318703
L02,covers,2027-01-01,13700.353200065136,14055.295255584475,14405.756277879
L02,covers,2027-02-01,13175.68323309267,13583.127862934416,13996.318649867648
L02,covers,2027-03-01,14473.595666164932,14907.609420467434,15330.196398569204
L02,covers,2027-04-01,13048.980720149591,13442.52118156665,13785.962900007937
L02,covers,2027-05-01,11690.833527798759,12034.18350257678,12352.74727354437
L02,covers,2027-06-01,10144.226778181406,10452.256670210343,10727.505437977155
L02,covers,2027-07-01,10340.609671415265,10649.925145485193,10935.713642743312
L02,covers,2027-08-01,9319.023645506895,9602.784060348098,9857.079052727862
L03,covers,2026-09-01,8443.714507566632,8689.180502227882,8954.976467269411
L03,covers,2026-10-01,10623.875411144749,10959.199415705594,11310.359009233403
L03,covers,2026-11-01,11723.535760146653,12098.733699878441,12466.665172794925
L03,covers,2026-12-01,13289.83175497027,13719.970660048484,14111.683630393156
L03,covers,2027-01-01,15461.74496584907,15894.836293698776,16345.874978013107
L03,covers,2027-02-01,15479.716355733346,15979.173763547915,16431.893769736453
L03,covers,2027-03-01,17576.81989791907,18106.505409679805,18644.677685281094
L03,covers,2027-04-01,15151.028657123976,15612.736464144175,16064.165358980803
L03,covers,2027-05-01,12678.324957022262,13046.415007330714,13395.449905574716
L03,covers,2027-06-01,10563.58924189375,10872.401075013024,11180.299403728643
L03,covers,2027-07-01,10531.782935263445,10822.851284342778,11126.627109079602
L03,covers,2027-08-01,9260.13823455628,9532.13433367608,9808.370097102039
L04,covers,2026-09-01,6644.847036731433,6861.101283995514,7092.987177893942
L04,covers,2026-10-01,8035.3751926726245,8288.120259149422,8552.965765227424
L04,covers,2026-11-01,8313.488416190461,8588.103593214575,8863.763791945186
L04,covers,2026-12-01,9069.033946730113,9371.83890164525,9684.618326424672
L04,covers,2027-01-01,10608.963738276196,10926.948739990949,11245.126748850433
L04,covers,2027-02-01,10358.078675095312,10724.671895771178,11078.048785250141
L04,covers,2027-03-01,11338.153775932393,11705.26464897494,12073.221768352454
L04,covers,2027-04-01,9948.951284390965,10279.63224179322,10637.481902954785
L04,covers,2027-05-01,8790.629574740111,9066.843082517364,9364.227814662929
L04,covers,2027-06-01,7676.0719301300105,7942.838369948324,8194.712637410721
L04,covers,2027-07-01,7780.491544041809,8024.484031101751,8291.822142254927
L04,covers,2027-08-01,6999.229928983301,7218.887943157666,7448.108083490341
L05,covers,2026-09-01,7018.926905768089,7243.364234332168,7488.002047969195
L05,covers,2026-10-01,8401.205363395475,8666.143046864963,8956.328565407412
L05,covers,2026-11-01,8782.82601730075,9086.726043526838,9364.961007582271
L05,covers,2026-12-01,9833.847213816223,10147.290874959905,10483.614807891698
L05,covers,2027-01-01,11361.384891351005,11730.756719854999,12120.326097291394
L05,covers,2027-02-01,10980.168101134299,11404.03666867736,11792.266253948612
L05,covers,2027-03-01,12304.145228829646,12725.50161781015,13128.360782526646
L05,covers,2027-04-01,11202.722414662921,11578.205341098055,11952.389447761805
L05,covers,2027-05-01,9991.840650364571,10321.844585105515,10645.343857638605
L05,covers,2027-06-01,8461.311024803039,8728.374702828356,9025.200492438265
L05,covers,2027-07-01,8399.382780755599,8667.44663033509,8943.097724236424
L05,covers,2027-08-01,7660.59702196915,7920.971342363524,8178.5511443547375
L06,covers,2026-09-01,9360.22253187779,9937.538378855432,10550.818287940296
L06,covers,2026-10-01,11330.682756613813,12003.33066628224,12721.122035605706
L06,covers,2026-11-01,11925.767230647247,12737.60900987343,13565.871637438142
L06,covers,2026-12-01,13201.162648307052,14032.32750465879,14869.63748859337
L06,covers,2027-01-01,15435.11656437338,16318.010472779119,17348.613798179547
L06,covers,2027-02-01,14961.752805780789,15917.136847845331,16958.963327495636
L06,covers,2027-03-01,16577.386177576398,17627.616692505446,18713.476599847847
L06,covers,2027-04-01,14806.231741596981,15705.445248248188,16687.88577288867
L06,covers,2027-05-01,13177.433166650506,13942.225702741795,14798.075776613638
L06,covers,2027-06-01,11230.647534424521,11901.669612801257,12619.239502400995
L06,covers,2027-07-01,11395.938381218195,12085.579831721509,12775.335031894772
L06,covers,2027-08-01,10211.959168190402,10815.720349245807,11421.890612970037
