location_id,metric,month,actual,model,naive
L01,net_sales,2026-06,607932.86,644511.5641657324,647662.7853029844
L01,net_sales,2026-07,633460.7799999999,641407.6926304768,644251.6586759277
L01,net_sales,2026-08,611604.3300000001,588043.9668387617,595413.7085748558
L02,net_sales,2026-06,487374.73000000004,508822.596919389,498983.102795943
L02,net_sales,2026-07,509499.93999999994,509201.43488495506,496108.5204591094
L02,net_sales,2026-08,472782.37000000005,474110.8476887694,500791.22261834156
L03,net_sales,2026-06,503662.51,518025.8627382531,492705.95613114216
L03,net_sales,2026-07,501349.26,510106.84452601604,494848.9279927393
L03,net_sales,2026-08,459422.24,462508.91146321595,472793.60910502996
L04,net_sales,2026-06,381288.8,390592.0885554859,371736.6137436282
L04,net_sales,2026-07,374701.49,392461.52210917446,386663.9557347735
L04,net_sales,2026-08,372060.72,359925.64403990447,359846.48744326155
L05,net_sales,2026-06,405995.74,408548.0656190174,395623.45487701165
L05,net_sales,2026-07,398176.55,399501.1746448887,397940.8862381691
L05,net_sales,2026-08,372892.83,376693.5601407587,387452.92461003404
L06,net_sales,2026-06,585450.85,545070.6114561112,608379.3337737429
L06,net_sales,2026-07,602359.3,549053.3827390687,659617.0479145949
L06,net_sales,2026-08,578908.5199999999,509798.8020626879,682342.592979952
L01,covers,2026-06,12043.0,12796.578649403742,12849.150285714284
L01,covers,2026-07,12533.0,12740.691373930993,12712.882285714284
L01,covers,2026-08,12195.0,11692.485231582114,11898.347999999998
L02,covers,2026-06,9650.0,10088.242102011007,9949.388788938008
L02,covers,2026-07,10000.0,10076.827157381294,9849.324534800042
L02,covers,2026-08,9355.0,9331.971685513434,9745.257710496557
L03,covers,2026-06,10055.0,10263.639007706155,9791.723822110926
L03,covers,2026-07,9979.0,10120.009309927967,9857.336880912631
L03,covers,2026-08,9135.0,9164.101534010271,9285.273024485252
L04,covers,2026-06,7632.0,7775.326331430777,7446.161696011499
L04,covers,2026-07,7445.0,7786.5983523369405,7693.01760689903
L04,covers,2026-08,7367.0,7095.50899429374,7103.525691699605
L05,covers,2026-06,8018.0,8095.909916001576,7881.811527790766
L05,covers,2026-07,7919.0,7900.9130532285935,7869.635711836403
L05,covers,2026-08,7420.0,7469.749282019031,7672.79335390754
L06,covers,2026-06,11534.0,10800.682036208413,12153.269119929062
L06,covers,2026-07,11941.0,10874.011458456744,13134.054755043227
L06,covers,2026-08,11460.0,10079.227846981494,13533.30126357792
