location_id,month,sales_p10,sales_p50,sales_p90,covers,cogs,labor,labor_hours,opex,prime_cost,ebitda
L01,2026-09-01,547082.0132971731,562226.7378585357,579637.1984228971,11184.20590754543,179859.80657458637,174409.2084602425,9120.217001598512,99838.70873750793,354269.01503482886,108119.01408619893
L01,2026-10-01,647257.2414190535,666332.4415925883,684266.2460890452,13279.1187504866,213163.86430801498,212620.43863306957,10648.149034200997,108150.80666139531,425784.30294108455,132397.33199010848
L01,2026-11-01,680895.9477442909,699249.2892716054,719539.3099979297,13952.333742364352,223694.16722306915,218620.57636891113,11048.515977107862,110430.47891367426,442314.7435919803,146504.06676595093
L01,2026-12-01,756327.1703694112,777912.7868585871,801183.8631385693,15507.736326425636,248859.10604181828,240004.50773665763,12193.010524915551,117560.3952568382,488863.6137784759,171488.77782327298
L01,2027-01-01,863688.8210887976,887846.8152288847,913375.6820246466,17714.065651700763,284027.6808306287,270363.4053038607,13800.127809415771,128316.43062559035,554391.0861344894,205139.2984688049
L01,2027-02-01,816367.5625225317,841897.49026788,864747.899032669,16839.945178436006,269328.207925449,255026.87973835028,13061.733618730605,123850.33049314369,524355.0876637993,193692.07211093704
L01,2027-03-01,897258.9550962324,922255.8653217356,949798.1980643868,18465.73259592853,295035.34851589025,280050.7992236603,14334.348017010103,131157.1439906237,575086.1477395506,216012.5735915613
L01,2027-04-01,812842.3659101086,837127.534777944,864032.955068421,16764.293209160634,267802.26969800534,256765.86296162393,13086.063071530358,123583.28103721501,524568.1326596292,188976.1210810996
L01,2027-05-01,738166.3383876852,759325.4202562522,781030.5337363918,15166.20480155603,242912.89264300256,237526.87857120647,11989.327477249843,116882.59523550868,480439.77121420903,162003.05380653444
L01,2027-06-01,645152.38259236,663342.4177690704,681751.4965183147,13190.531370744677,212207.33721611658,210707.6466596547,10546.14056213667,110862.62759927016,422914.9838757713,129564.8062940289
L01,2027-07-01,653296.7881117192,672882.9424692949,690425.5628975836,13422.627279893117,215259.41000393586,215055.85944263553,10750.142552686595,110763.16571469375,430315.26944657136,131804.50730802974
L01,2027-08-01,593731.691929726,609145.6350868582,627859.655782249,12157.173750592898,194869.45163757572,198746.8452979118,9850.767034958766,104913.76288693686,393616.29693548754,110615.57526443378
L02,2026-09-01,437459.3467602189,451666.7566683488,465172.8911532609,8881.664543368697,144633.8727925028,175987.19236649672,9220.208206412715,94282.89187775973,320621.0651589995,36762.79963158954
L02,2026-10-01,525552.9447889295,542574.2370278075,558566.8154898309,10680.019924561766,173744.49640178357,217091.95589812924,10903.014782547038,101092.76095559527,390836.4522999128,50645.023772299464
L02,2026-11-01,549961.8459083155,567382.0303563939,584442.9534021501,11200.42705764888,181688.5108141263,223150.8126238597,11306.926571682845,102432.63617021959,404839.32343798596,60110.070748188315
L02,2026-12-01,612708.502643066,630515.181985982,649936.0330830113,12414.611752845163,201905.16853128595,244581.69098395272,12454.881820551713,108023.8757249869,446486.85951523867,76004.44674575643
L02,2027-01-01,692798.1164488043,713881.5727420808,735785.8181711175,14055.295255584477,228600.96532786393,273674.14399515017,13993.32816861411,116215.59376921851,502275.1093230141,95390.86964984817
L02,2027-02-01,667259.2164194409,689034.2712131473,707612.3492520716,13583.127862934416,220644.2994995405,261921.96595419626,13452.185155808613,114077.87821015654,482566.26545373676,92390.12754925404
L02,2027-03-01,725992.8124145764,749246.962297943,772689.1681639988,14907.609420467434,239925.75994416498,287814.1547632485,14773.684617957253,118916.69632625607,527739.9147074135,102590.35126427335
L02,2027-04-01,655030.746328278,676432.6677070064,695767.9493430111,13442.52118156665,216608.98210772488,262201.8516488909,13396.00867857312,112656.85924636599,478810.83375661576,84964.9747040247
L02,2027-05-01,589320.7259326129,606022.9112015446,623164.8601160661,12034.18350257678,194062.1915471795,240143.6183644005,12142.851365240364,107783.64285437732,434205.80991158,64033.45843558728
L02,2027-06-01,510680.466194233,526908.4215683888,541014.2992737005,10452.256670210343,168727.94929731704,212592.94670261804,10658.201080362835,101927.36546743818,381320.8959999351,43660.16010101553
L02,2027-07-01,520171.7233088474,536893.2533852204,552923.642793149,10649.925145485193,171925.31743107716,217178.57931944574,10875.460793757957,102924.03533442339,389103.8967505229,44865.32130027417
L02,2027-08-01,472048.1202327901,487012.5579039777,500800.3578286099,9602.784060348098,155952.39478728588,199806.3627945801,9916.725936557594,98845.81074170406,355758.757581866,32407.989580407637
L03,2026-09-01,423682.5728033581,436164.7067412882,449509.6694142544,8689.180502227882,139023.20913753245,145528.80430015747,7424.722177567006,91801.6160175253,284552.0134376899,59811.07728607296
L03,2026-10-01,536240.8231710559,551164.2741097669,565885.3192056826,10959.199415705594,175678.18983150422,184834.46892035072,9113.865982643467,101350.16181015567,360512.6587518549,89301.4535477563
L03,2026-11-01,591350.3315565496,608787.2904495622,625757.4199878164,12098.73369987844,194044.9593750439,197291.26821488168,9870.125455225598,105353.29335726511,391336.2275899256,112097.7695023716
L03,2026-12-01,667694.2673420538,687371.7881566351,707546.1887621142,13719.970660048484,219092.99487824328,219992.13832522722,11086.976721375831,111969.74628140018,439085.1332034705,136316.90867176442
L03,2027-01-01,772823.9876589325,794937.248323977,817723.2827131806,15894.836293698776,253378.4270411196,250588.83233035862,12706.851978078323,123342.93833540053,503967.2593714782,167627.05061709817
L03,2027-02-01,773528.7313359993,797608.5031472713,824003.6318711316,15979.173763547917,254229.86323533414,247761.86225091046,12658.3193305037,123694.48938753543,501991.7254862446,171922.28827349126
L03,2027-03-01,881886.6952609167,906514.3246271296,931172.4718427688,18106.505409679805,288942.5223796461,279790.95587038243,14316.876450439151,133232.68161288727,568733.4782500286,204548.1647642138
L03,2027-04-01,765262.9231227926,786708.6779488646,809196.3587163907,15612.736464144176,250755.65118951755,245550.5714668966,12464.849768940658,122455.76342762468,496306.22265641415,167946.6918648258
L03,2027-05-01,635925.047187447,655912.1597562884,674498.5819066392,13046.415007330714,209065.5478361224,212979.25063592076,10633.292264507934,111515.65032663273,422044.7984720431,122351.71095761251
L03,2027-06-01,531097.113326703,547387.5899651258,563451.6342141012,10872.401075013024,174474.40891669883,182960.80220425883,9014.037019170943,103818.43537977611,357435.2111209576,86133.94346439201
L03,2027-07-01,529693.3326723453,545190.389549081,560921.7378630938,10822.851284342778,173774.07290088714,183620.074767967,9014.608898177905,102874.65864062968,357394.1476688541,84921.5832395972
L03,2027-08-01,468059.1520747415,481382.8405297209,495410.6329492442,9532.13433367608,153436.04441126535,166577.8890376423,8075.008185553877,97469.6098916145,320013.9334489077,63899.297189198725
L04,2026-09-01,337205.410605942,347332.0800123079,358675.7630341311,6861.101283995514,115870.87029025481,124258.34751772304,6190.985988875882,72558.30659049514,240129.21780797787,34644.555613834906
L04,2026-10-01,403649.3090512125,417372.79253593367,429896.3621734951,8288.120259149422,139236.6311366888,151100.7602584367,7268.825450628155,77533.22682600457,290337.39139512554,49502.17431480359
L04,2026-11-01,416023.6355278218,430405.9898643816,444447.5756640503,8588.103593214575,143584.53910147678,152340.0752000962,7406.9038809829335,78268.8954651455,295924.614301573,56212.48009766312
L04,2026-12-01,457756.790734215,471913.8119932193,486596.6873101519,9371.83890164525,157431.6547314269,164011.7201420295,8016.916239451295,81919.56665374308,321443.3748734564,68550.87046601983
L04,2027-01-01,529286.2626368421,546608.0166585332,565160.5954623199,10926.948739990949,182349.8324589252,186423.40850044123,9187.909593621504,89927.45123395631,368773.24095936643,87907.3244652105
L04,2027-02-01,519135.15303751547,536250.6383532119,552729.0617966603,10724.671895771178,178894.5845644017,179639.63285953394,8920.678041138428,88351.93017560898,358534.21742393565,89364.49075366728
L04,2027-03-01,565597.8713870381,583647.5432568006,603342.5655061854,11705.26464897494,194706.31327097167,196668.92615322245,9753.9386970721,92820.87428658479,391375.2394241941,99451.42954602174
L04,2027-04-01,498594.2132934383,514947.1968289415,530653.3072436479,10279.63224179322,171787.70198244357,176528.63994221005,8677.107614844277,86748.06892392157,348316.3419246536,79882.78598036633
L04,2027-05-01,439552.8498712074,452698.0349488464,466482.0825018741,9066.843082517364,151021.2223597436,161937.5344103667,7835.150481967763,82441.05779323616,312958.75677011034,57298.22038549991
L04,2027-06-01,384195.8269919799,396654.8738665411,409687.7867754757,7942.838369948324,132325.08047675504,145767.78488510184,6977.677698326376,77544.28773320842,278092.8653618569,41017.72077147578
L04,2027-07-01,390134.8077953448,402419.1589547375,415344.8896795157,8024.484031101751,134248.06072593556,148216.23186657578,7077.096390388696,78565.38498129621,282464.29259251134,41389.48138092992
L04,2027-08-01,353187.7989438698,364493.61947879207,375920.8243171638,7218.887943157666,121596.00375167193,137611.60610373222,6491.227816794271,75614.53202728074,259207.60985540415,29671.477596107172
L05,2026-09-01,352792.8066375794,365202.4971970682,377804.2023056534,7243.364234332168,116313.77592965786,121033.3257672469,5998.3463833637015,69913.70857944319,237347.10169690475,57941.686920720225
L05,2026-10-01,422942.3172999778,437487.31950537086,452086.9707358817,8666.143046864963,139335.8546109713,146057.95278604422,6986.796532141663,75199.1724119669,285393.8073970155,76894.33969638846
L05,2026-11-01,440040.54730474285,456125.7835280707,472703.5334039555,9086.726043526838,145272.04109558742,148476.95994241003,7189.9490678132615,76120.94383679728,293749.0010379974,86255.83865327599
L05,2026-12-01,493296.5772095867,509385.53049323446,526667.0135109327,10147.290874959905,162234.80099488108,162629.07507343002,7936.632034101255,80981.0954741464,324863.8760683111,103540.55895077696
L05,2027-01-01,568020.3235261973,587283.4491151087,607243.8760904415,11730.756719855,187044.60137004714,183687.7149700764,9032.336052426046,88829.41692070247,370732.31634012354,127721.7158542827
L05,2027-02-01,550725.5628059036,570377.4166580726,590526.1752836328,11404.03666867736,181660.17906691562,175684.49401003984,8697.898651767382,86683.5079696577,357344.6730769555,126349.23561145943
L05,2027-03-01,614371.7694312902,635026.6486061194,656892.6436268744,12725.50161781015,202250.38952972065,195711.8057169428,9696.299024105683,92624.02222180249,397962.1952466634,144440.43113765353
L05,2027-04-01,562765.6906394155,580739.7286677933,602478.1663335828,11578.205341098055,184960.4840934759,180492.41449393614,8891.72536819072,88069.9985954376,365452.8985874121,127216.83148494367
L05,2027-05-01,502143.1734083651,520264.652840638,538128.5224238299,10321.844585105517,165699.70555807307,166657.33120292804,8091.928627621192,83495.83144073021,332357.0367610011,104411.7846389067
L05,2027-06-01,425408.1908114034,439576.2941467231,454628.0753692669,8728.374702828356,140001.17461897185,146044.766380138,6989.5472084847515,76886.88452609113,286045.9409991099,76643.4686215221
L05,2027-07-01,422622.1959298121,437119.37252820976,452148.0459110465,8667.44663033509,139218.66674236694,146659.60999774054,6987.6666357797285,76583.98770977654,285878.27674010745,74657.10807832576
L05,2027-08-01,385473.63602045976,398220.3232022057,411931.4864647337,7920.971342363524,126829.66244500567,137636.50606293854,6489.4163290871675,72947.26519897536,264466.1685079442,60806.88949528613
L06,2026-09-01,471907.5281964731,501939.2396999338,535133.4328025236,9937.538378855432,161869.38349950954,172265.87058146333,9007.267620132372,112002.63411949648,334135.25408097287,55801.35149946445
L06,2026-10-01,574735.2491430397,607764.3922235491,641891.3234815545,12003.33066628224,195996.72570128605,213371.96467411087,10703.841670602482,120404.62817257027,409368.6903753969,77991.07367558188
L06,2026-11-01,604707.9106148705,642648.7859913378,685392.2590015708,12737.60900987343,207246.52421538864,221600.38822474802,11227.786955414178,122360.9602210459,428846.91244013666,91440.9133301553
L06,2026-12-01,667697.9763161828,708222.3550541102,751667.409642357,14032.32750465879,228393.2136122943,241713.53167870583,12303.634918095564,128049.52593389363,470106.7452910001,110066.08382921643
L06,2027-01-01,776161.9507004293,824637.8913273367,869124.1441818655,16318.01047277912,265935.8275302203,276859.32878544385,14177.22429870744,138695.1786312453,542795.1563156642,143147.55638042712
L06,2027-02-01,753216.3287070146,799985.1827561457,849208.740357559,15917.136847845331,257985.62475189735,267244.145955341,13753.775092519545,138005.48894375833,525229.7707072383,136749.9231051491
L06,2027-03-01,833900.8360214321,883639.2557742719,939514.5146573737,17627.616692505446,284963.0597792167,295951.39408912056,15231.477151122182,144771.50881635948,580914.4538683372,157953.2930895751
L06,2027-04-01,744839.2492027555,790916.3892099503,836138.1772543464,15705.445248248188,255061.04762323026,266672.04169155867,13650.52005580776,136586.8823917124,521733.08931478893,132596.41750344902
L06,2027-05-01,661988.3476999064,700884.6616103548,745101.3450907536,13942.225702741796,226026.89550024725,242224.00307164865,12264.681556616031,130448.63770045132,468250.8985718959,102185.12533800757
L06,2027-06-01,565143.4579915056,600124.576146355,635277.3178581311,11901.669612801255,193532.9766642426,211218.78273585252,10588.423027547124,124127.77780932772,404751.7594000951,71245.03893693221
L06,2027-07-01,576268.9599829796,608079.7064091,645033.1891353396,12085.579831721509,196098.41074359175,215156.932312983,10770.053495170025,122866.99900023354,411255.34305657475,73957.36435229171
L06,2027-08-01,517340.2372411284,546529.1275632734,581138.164697046,10815.720349245808,176249.08743153507,196644.31393905246,9747.797368556881,117990.58862245192,372893.4013705875,55645.13757023397
